Id,Customer ID,Name,Birth Date,Phone No.,Email Id,Credit card,Card Expiry,Address,Zip Code,City,State,Country,Year,Aadhar,Time
1,7AEC6AEC3,Jordan Garcia,15-08-1998,487647593,JordanGarcia@gmail.com,4219489241157811,05/28,H.No. 93 Khare Circle,239110,Saharsa,Himachal Pradesh,India,2011,416097535130,19:56:43
2,1CEC5CEC0,Allison Jackson,26-06-2000,1158714841,AllisonJackson@yahoo.com,349894719659340,06/25,094- Banerjee Chowk,829676,Bikaner,Chhattisgarh,India,2010,586848339691,19:21:36
3,3AAF1AAF0,David Hansen,27-04-1994,1591795330,DavidHansen@yahoo.com,4352560123098910139,02/32,15- Badami Zila,358576,Jammu,Goa,India,2022,473008691411,20:47:03
4,9EEB8EEB4,Steven Miller,09-04-1982,870916345,StevenMiller@gmail.com,30230225841979,04/25,69- Dugal Circle,355654,Munger,Uttarakhand,India,2021,428071508421,18:07:07
5,3FFA4FFA0,Jeffrey Hall,04-08-1989,5992466109,JeffreyHall@gmail.com,3523376960696025,11/29,H.No. 27- Wali Circle,994857,Kishanganj,Punjab,India,2010,175470638123,05:04:10
6,8DDA3DDA7,Sarah Green,13-07-1984,89131934,SarahGreen@gmail.com,3517610471428512,12/24,H.No. 003 Mallick Road,647989,Ambarnath,Odisha,India,2010,376582369405,16:49:54
7,8DCB7DCB0,Terri Vazquez,27-12-1994,1590042294,TerriVazquez@gmail.com,6011417304281462,11/27,11 Khosla Circle,540493,Naihati,Uttarakhand,India,2015,771760452298,09:53:02
8,9DDF7DDF8,Cole Garcia PhD,06-10-1975,3306016884,ColeGarciaPhD@hotmail.com,30361534926357,04/24,08/731- Issac Chowk,234568,Dhule,Rajasthan,India,2010,892137658217,13:15:11
9,9ABE4ABE3,Edward Stevens,20-10-1998,8757738930,EdwardStevens@yahoo.com,3550824926947111,02/31,H.No. 320- Amble Road,584574,Bathinda,West Bengal,India,2012,275868809185,22:12:45
10,3CAE9CAE3,Dawn Wright,17-09-1989,8967699300,DawnWright@hotmail.com,4894517446660221,05/26,50/076 Korpal Street,530493,Saharanpur,Uttar Pradesh,India,2016,109767017204,20:00:16
11,8BFB8BFB6,Maria Wilson,02-03-1977,8536710979,MariaWilson@gmail.com,349426418306756,07/25,H.No. 10 Kibe Nagar,879676,Indore,Mizoram,India,2021,731886841261,15:04:23
12,1DFE8DFE4,Alexander Brown,01-10-1976,6207660754,AlexanderBrown@yahoo.com,341505520351921,11/25,104- Sant Path,994857,Mahbubnagar,Haryana,India,2012,871754203556,09:46:48
13,2DDA8DDA3,Nicholas Aguilar,02-04-1992,2911894262,NicholasAguilar@yahoo.com,4833245602909,01/29,12/648- Shanker Marg,809676,Gudivada,Maharashtra,India,2015,613758066062,12:08:44
14,3ECE2ECE0,Diana Novak,16-01-2002,1214189276,DianaNovak@hotmail.com,6523758257173409,12/29,H.No. 341 Mahajan Road,786585,Khandwa,Tamil Nadu,India,2018,573864014002,23:55:26
15,4BFC4BFC0,Jonathan Smith,11-03-1987,5439101448,JonathanSmith@gmail.com,2632164482983810,04/29,44/759 Brar Street,784574,Jamshedpur,Madhya Pradesh,India,2016,628457637781,14:46:51
16,0BFE0BFE7,Ann Mack,20-09-1979,7093057608,AnnMack@hotmail.com,4605019044329432,02/24,56 Gandhi Street,786565,Raebareli,Chhattisgarh,India,2017,785232756672,20:36:05
17,1DBF8DBF6,Lindsay Lane PhD,23-11-1999,3906031250,LindsayLanePhD@yahoo.com,4394918456708865,03/32,47 Ganguly Ganj,599574,Kalyan-Dombivli,Arunachal Pradesh,India,2010,950402163964,07:30:02
18,7FFB1FFB2,Clarence Cooper,18-12-1976,9155875408,ClarenceCooper@hotmail.com,4138533444869,08/26,H.No. 30 Majumdar Road,786565,Bangalore,Manipur,India,2018,306777111312,08:16:56
19,4EFE3EFE9,Deanna Munoz,02-04-1975,6860237324,DeannaMunoz@yahoo.com,371849834789787,10/26,019 Chadha Zila,694857,Kulti,Gujarat,India,2014,488601641951,06:51:27
20,8EFE9EFE3,Alan Miller,05-05-1986,1845357492,AlanMiller@gmail.com,676185590269,12/24,12/37- Sinha,647989,Noida,Telangana,India,2012,665992719088,02:39:09
21,2DFA3DFA8,Brandon Clark,22-12-1984,8277851429,BrandonClark@yahoo.com,3554603053573452,01/25,H.No. 598 Setty Nagar,239110,Nagercoil,Andhra Pradesh,India,2018,303003510565,17:45:55
22,5ABE1ABE3,Dr. Steven Hernandez,14-05-1994,4256606488,Dr.StevenHernandez@yahoo.com,4091662082982157,05/26,028- Sekhon Street,234568,Purnia,West Bengal,India,2020,197299045603,17:17:22
23,5FEF2FEF5,Emily West,06-04-1980,7385265476,EmilyWest@gmail.com,4870898407616570044,11/22,94/388 Hans Path,345654,Dhule,Bihar,India,2019,339852250903,14:40:55
24,3CCB9CCB1,Shannon Carrillo,20-12-1989,5769620290,ShannonCarrillo@hotmail.com,4074931864282123,03/32,89/66- Dugal Road,768576,Ahmedabad,Maharashtra,India,2022,948885536201,19:45:06
25,3FFD6FFD2,Lisa Henry,22-06-1972,8693058235,LisaHenry@hotmail.com,3503934261973784,01/24,716- Deshpande Marg,829676,Junagadh,Tripura,India,2016,714070436668,11:50:13
26,9FBE0FBE8,Cory Little,17-02-1994,9294506782,CoryLittle@yahoo.com,2715501318705059,12/28,46/292- Verma Marg,345654,Sasaram,Arunachal Pradesh,India,2012,227080862591,12:58:39
27,7CAC4CAC7,Shane Davila,05-10-1987,5448727820,ShaneDavila@hotmail.com,3580513793782529,06/30,18/50- Ben Zila,355654,Narasaraopet,Kerala,India,2019,156851250225,06:54:39
28,7EEB1EEB8,Dr. Kenneth Clarke MD,22-03-1974,4609251607,Dr.KennethClarkeMD@gmail.com,3549762074361517,06/24,H.No. 02- Randhawa Marg,540493,North Dumdum,Manipur,India,2019,671086408117,19:11:00
29,3EDB7EDB2,Debbie Miller,01-07-1980,8400652822,DebbieMiller@hotmail.com,4950760334523538,02/25,59 Hans Street,968576,Ujjain,Odisha,India,2010,322005800014,14:46:53
30,0FCB8FCB6,Chad Meyer,30-06-1998,6953258386,ChadMeyer@gmail.com,4951663763637697,06/23,H.No. 85 Apte Circle,407989,Patiala,Himachal Pradesh,India,2010,261802606663,13:28:23
31,4FAD9FAD9,Melissa Yang,25-12-1980,2576294815,MelissaYang@gmail.com,4780342954604868,11/22,H.No. 63 Bhavsar Path,786585,Bhubaneswar,Punjab,India,2016,306967116881,07:25:12
32,5FAE6FAE4,Tami White,14-07-1985,827594516,TamiWhite@yahoo.com,4858268436567844,04/29,H.No. 220 Rajan,394857,Kurnool,Punjab,India,2020,649261001576,19:31:04
33,7DFC9DFC9,Justin Norton,12-04-1987,7328818202,JustinNorton@gmail.com,6011764092627905,09/28,96/538- Bahri Chowk,968576,Udupi,Bihar,India,2014,386742385241,19:57:49
34,6FEB5FEB2,Dana Boyd,05-10-1996,9681473142,DanaBoyd@yahoo.com,5502983006897176,11/31,H.No. 10 Comar Ganj,355654,Bijapur,Himachal Pradesh,India,2013,675851149632,20:12:24
35,8DFF0DFF0,Laura Gibson,25-07-1983,7546921658,LauraGibson@hotmail.com,4564564174176,12/24,257 Bhakta Ganj,355654,Pali,Manipur,India,2018,199368473583,01:40:04
36,3EAB6EAB0,Elizabeth Rodriguez,22-06-1985,6090614352,ElizabethRodriguez@gmail.com,4030068021993178,09/25,96/18- Dada Street,239110,Vijayanagaram,Madhya Pradesh,India,2018,663609409557,09:03:21
37,3FCE0FCE6,Bonnie Erickson,08-03-2005,1411402926,BonnieErickson@hotmail.com,3536881817187727,01/30,646 Mandal Zila,968576,Muzaffarpur,Manipur,India,2014,476070867363,17:43:19
38,1BCD4BCD3,Edward Sanchez,14-07-1985,7457928134,EdwardSanchez@gmail.com,4025059276367322,12/28,H.No. 83- Chand Path,768576,Saharanpur,Rajasthan,India,2021,493970379589,18:51:05
39,3DDC5DDC8,Amanda Perry,12-07-1986,7931864573,AmandaPerry@hotmail.com,377675712312671,07/31,H.No. 00- Chawla Marg,232568,Haridwar,Odisha,India,2019,283028746883,17:57:43
40,5BFA9BFA7,John Anthony,18-11-1983,6954103909,JohnAnthony@hotmail.com,347419743668539,10/26,H.No. 259- Kibe,694857,Hajipur,Meghalaya,India,2017,460169220163,03:43:43
41,0CDA4CDA5,Lori Short,09-11-1977,5459388058,LoriShort@yahoo.com,503870452516,11/31,H.No. 491 Barad Circle,968576,Shivpuri,Arunachal Pradesh,India,2018,651832363972,03:45:28
42,5DBD4DBD6,Jasmine Finley,19-09-1993,8337524801,JasmineFinley@gmail.com,375019041243889,03/28,H.No. 688 Bhat Marg,599574,Guntakal,Manipur,India,2015,643640004153,18:51:59
43,8FFC2FFC0,Lauren Brown,07-12-1986,8249066493,LaurenBrown@yahoo.com,377165280376035,09/23,H.No. 227 Warrior Nagar,786585,Hajipur,Maharashtra,India,2012,474466702856,07:50:56
44,9AFE9AFE9,Roger Mathews,22-06-1990,2284802362,RogerMathews@hotmail.com,213192384073068,03/25,63/68 Koshy Circle,232568,Cuttack,West Bengal,India,2011,210367465643,21:35:22
45,3DDD1DDD6,Jesse Boone,14-04-1984,81737298,JesseBoone@hotmail.com,676225554846,08/24,39- Gara Marg,726565,Barasat,Manipur,India,2012,445596696846,21:29:11
46,1ECC1ECC3,Hector Bennett,01-01-2005,2829888754,HectorBennett@gmail.com,4803471039140329252,11/26,00/924- Hegde Ganj,234568,Mirzapur,West Bengal,India,2016,496102098456,04:17:27
47,7CBE2CBE6,Sandra Hendricks,03-03-1982,7299869300,SandraHendricks@gmail.com,3528164593052542,08/30,54/17 Yadav Street,358576,Anand,Himachal Pradesh,India,2019,397629621913,17:13:05
48,5DFB5DFB1,Daniel Richards,21-10-1976,6441588100,DanielRichards@yahoo.com,639021667055,09/24,69/303- Zacharia Marg,232568,Nashik,Punjab,India,2016,384668078288,16:58:37
49,1CCC4CCC3,Robert Williams,29-01-1976,9744436008,RobertWilliams@gmail.com,676342282156,06/22,591 Grewal Zila,879676,Nizamabad,Manipur,India,2015,878811576684,04:54:13
50,3CDE7CDE2,Steven Harrison,04-12-1984,2685212206,StevenHarrison@gmail.com,3518494576959781,03/28,06/55- Aggarwal Circle,607989,Ramgarh,Assam,India,2018,656938088100,22:57:24
51,6ACB4ACB7,Michael Hunter,28-04-1988,7760375207,MichaelHunter@gmail.com,4649730799297594,11/27,28/66 Gour Ganj,786565,Sagar,Haryana,India,2013,638957395921,02:06:57
52,8ECA6ECA4,Rhonda Shaw,16-06-2007,2891773295,RhondaShaw@yahoo.com,4873464835657,09/22,392- Karnik Circle,358576,Chandrapur,Mizoram,India,2014,965601052495,14:46:50
53,8FDD8FDD1,Riley Davis,26-03-1998,7531118098,RileyDavis@gmail.com,3593001419629980,09/25,H.No. 22 Chowdhury,345654,Bikaner,Haryana,India,2014,142943126235,07:18:12
54,5BDD4BDD6,Lisa Moore,07-06-1988,1949302390,LisaMoore@hotmail.com,4780853275734317,04/28,H.No. 58 Dhaliwal,234568,Baranagar,Nagaland,India,2016,526191827264,16:27:28
55,4BAE4BAE6,Andrew Garcia,02-02-1982,1475680566,AndrewGarcia@yahoo.com,4049789637361182,02/29,72/03- Dara Ganj,234528,Khora ,Madhya Pradesh,India,2016,383833713183,09:30:12
56,8BAA2BAA2,Christina Sweeney,16-05-2005,9696479055,ChristinaSweeney@yahoo.com,3537383023771948,04/27,H.No. 41 Bhatia,232568,Uluberia,Punjab,India,2020,332630742853,02:39:24
57,0EEF9EEF0,Brandon Chambers,22-02-1975,5334866602,BrandonChambers@yahoo.com,2262839752929646,12/25,278- Chakraborty Marg,784574,Dewas,Tripura,India,2017,851173800919,10:02:18
58,7DDA9DDA5,Stephanie Jimenez,12-08-1995,2319827303,StephanieJimenez@hotmail.com,3529921141497944,02/32,H.No. 127 Ghose Nagar,829676,Rohtak,Rajasthan,India,2016,804331923834,15:33:50
59,5BCA5BCA4,David Frey Jr.,21-08-1998,9882598634,DavidFreyJr.@hotmail.com,30434415270672,03/23,96/79 Sharaf,968576,Nanded,Uttarakhand,India,2010,816437748626,11:08:21
60,7ABF1ABF8,Ashley Moore,20-02-1984,5410645935,AshleyMoore@gmail.com,4357725666591188,01/30,H.No. 086- Dani Chowk,599574,Jalandhar,Maharashtra,India,2010,192448185020,17:58:11
61,9EFE6EFE8,Steven Fisher,12-10-2000,3359748276,StevenFisher@yahoo.com,5115348184118945,05/23,H.No. 272- Kaul Street,694857,Rourkela,Manipur,India,2021,786011416348,22:14:15
62,5EED9EED0,Grace Brown,05-05-2004,8526096934,GraceBrown@hotmail.com,180077454223751,09/22,94 Anne Ganj,607989,Jaunpur,Telangana,India,2018,836958207679,03:52:29
63,8FDC7FDC1,Maureen Porter,20-11-1983,1721886943,MaureenPorter@yahoo.com,6011875039467849,05/23,H.No. 566- Srinivas Marg,694857,Ichalkaranji,Meghalaya,India,2016,864726669947,07:13:42
64,6AAC7AAC9,Melissa Thomas,12-11-2009,2506774135,MelissaThomas@gmail.com,6011952271129039,05/25,86/624- Kannan Marg,202110,Katihar,Arunachal Pradesh,India,2012,521174446091,10:04:32
65,6DFE3DFE0,Dana Valdez,27-12-1989,3748361600,DanaValdez@yahoo.com,344400090292712,04/32,H.No. 821- Savant Zila,540493,Narasaraopet,Tripura,India,2021,931761177829,00:41:44
66,7BCF9BCF6,Michael Cooper,23-09-1998,8218083165,MichaelCooper@gmail.com,374391296545859,09/22,H.No. 243- Chander Street,829676,Unnao,Telangana,India,2018,844202553187,07:56:56
67,0EFD4EFD4,Cheryl Rodriguez,16-11-1977,9356146850,CherylRodriguez@gmail.com,346068424041564,06/22,245 Ravel Circle,694857,Tirunelveli,Meghalaya,India,2013,764040092521,04:28:14
68,9CAD8CAD5,Taylor Young,16-12-2006,3787995551,TaylorYoung@yahoo.com,6527369039766225,08/29,34 Sarma Zila,305654,Jehanabad,Andhra Pradesh,India,2015,712426486585,05:17:48
69,8ABC4ABC0,Paul Williams,12-06-1991,4446980788,PaulWilliams@hotmail.com,6560068140076858,09/31,78/79 Swaminathan Street,726565,Medininagar,Kerala,India,2013,861312972750,16:54:22
70,4AAD2AAD0,Joseph Flores,05-03-1987,7583058468,JosephFlores@gmail.com,3542822153007717,01/32,792- Dayal,829676,Barasat,Kerala,India,2012,650511914493,04:20:54
71,2FDF4FDF3,Jessica Chen,30-04-2002,6631647676,JessicaChen@gmail.com,6011634127554756,07/26,25- Kothari Ganj,879676,Jalandhar,Nagaland,India,2019,652152451165,17:05:08
72,2CED0CED7,Timothy Rodriguez,07-02-1970,3422827318,TimothyRodriguez@gmail.com,3506167722012168,12/23,H.No. 991 Varkey Ganj,768576,Sambhal,Goa,India,2019,645264221385,11:57:12
73,4DEB2DEB1,Jill Allen,06-03-1976,5864702527,JillAllen@yahoo.com,4276153152337,08/31,75/978 Soman Road,239110,Surat,Punjab,India,2021,843881472107,07:53:08
74,5DBD1DBD5,Barbara Meza,29-12-1992,3572807201,BarbaraMeza@yahoo.com,503810543101,03/26,H.No. 68- Sane,407989,Gurgaon,Gujarat,India,2016,393907062318,08:50:40
75,6EDF0EDF3,Cameron Guerra,14-10-2000,5867548478,CameronGuerra@hotmail.com,6564037466227326,08/25,H.No. 88- Raj Street,768576,Shivpuri,Bihar,India,2018,362108011929,01:05:18
76,6FDA0FDA8,Edward Gilbert,03-12-1994,1167259839,EdwardGilbert@yahoo.com,3594126132244525,11/29,11/60 Chandra Nagar,355654,Raebareli,Haryana,India,2015,191517974363,18:27:05
77,4DBA8DBA5,Jennifer Hall,18-02-2008,4709228957,JenniferHall@yahoo.com,2294740607124544,12/24,09 Brahmbhatt Path,809676,Indore,Jharkhand,India,2013,616878265282,09:09:56
78,4DFF5DFF7,Tasha Molina,28-06-1986,1373065459,TashaMolina@yahoo.com,30047637089652,12/25,H.No. 22 Chaudhry Road,786565,Nagercoil,Telangana,India,2016,244926012661,15:49:13
79,2EFD5EFD7,Brandon Bailey,10-09-1984,5789122999,BrandonBailey@hotmail.com,30438071009324,09/30,49/91- Grewal Street,358576,Udupi,Karnataka,India,2021,583940965150,04:59:55
80,4DEC0DEC3,Kristy Farmer,21-05-2008,2500960636,KristyFarmer@hotmail.com,30402978100123,01/29,23/81 Verma Nagar,234568,Singrauli,Madhya Pradesh,India,2014,160568385936,19:59:52
81,6ADD2ADD5,Lauren Elliott,31-03-1973,3572933031,LaurenElliott@yahoo.com,374229640619725,10/28,62- Raval Circle,809676,Mirzapur,Arunachal Pradesh,India,2020,338673918128,08:44:12
82,5BDE4BDE7,Adam Pearson,06-12-1978,9892864052,AdamPearson@hotmail.com,213179460394351,02/24,54 Deo Nagar,694857,Secunderabad,Jharkhand,India,2013,733336184250,17:03:49
83,2FCD3FCD4,Cory Obrien,15-06-1977,4384118685,CoryObrien@gmail.com,4442743893173560,11/26,H.No. 275 Bhattacharyya Circle,355654,Jaunpur,Madhya Pradesh,India,2018,394724061798,16:20:26
84,9BCC0BCC4,Monica Delgado,11-11-1989,1694809066,MonicaDelgado@yahoo.com,343211892457838,09/29,92/52- Ganesh Nagar,768576,Kota,Mizoram,India,2015,218178974596,03:05:32
85,9CDB8CDB6,Stephen Vargas,15-08-1987,8539541720,StephenVargas@yahoo.com,2445470553555636,08/22,98/469 Mahajan Nagar,358576,Satara,Andhra Pradesh,India,2017,412084353918,10:53:29
86,3ACD6ACD9,Nicole King,04-07-1989,174632702,NicoleKing@yahoo.com,4150337449585799,12/30,233- Boase Zila,968576,Kalyan-Dombivli,Punjab,India,2019,999677609854,19:01:17
87,2FAA6FAA1,Victoria Perez,11-09-2007,4698079936,VictoriaPerez@gmail.com,180015948477195,08/27,16/501 Thaman Path,202110,Proddatur,Gujarat,India,2019,900471807348,21:35:27
88,5FBA8FBA4,Alexander French,25-04-1997,9774509994,AlexanderFrench@gmail.com,342674549328770,09/26,H.No. 128 Soni Nagar,694857,Karimnagar,West Bengal,India,2015,606524708843,04:35:19
89,1FFC5FFC3,Lisa Brown,02-10-1993,792594470,LisaBrown@hotmail.com,4531067690500748,12/25,16- Bala Circle,786565,Vasai-Virar,Chhattisgarh,India,2010,546894157959,05:29:26
90,2BAB3BAB8,Autumn Banks,19-05-2005,3780650831,AutumnBanks@hotmail.com,4852397876277,10/26,H.No. 545- Contractor Road,694857,Kolkata,Arunachal Pradesh,India,2021,329592008299,07:06:00
91,5CCE9CCE7,Brooke Zavala,15-09-1982,6605459039,BrookeZavala@yahoo.com,375195516359424,12/25,28/15- Manne,239110,Tadepalligudem,Goa,India,2016,574726651528,04:25:15
92,4DDA7DDA9,Christopher Monroe,04-07-1975,5545263329,ChristopherMonroe@gmail.com,3593052076910643,09/25,H.No. 936 Kibe,829676,Ghaziabad,Maharashtra,India,2016,704225189726,05:22:37
93,2FEA9FEA7,Rachel Tanner,21-02-2001,5758349072,RachelTanner@gmail.com,4049630396243,02/32,697- Warrior Path,394857,Pudukkottai,Tamil Nadu,India,2012,496654247469,14:53:00
94,2DDD9DDD0,Juan Clark,17-10-2003,7063846144,JuanClark@yahoo.com,4422539920124947,02/27,H.No. 495- Jhaveri Zila,786585,Thanjavur,Tamil Nadu,India,2020,418800569752,18:35:13
95,8CAE3CAE9,Megan Lin,10-09-1975,9485200265,MeganLin@gmail.com,378996811983355,10/31,010 Chawla Path,968576,Jehanabad,Tamil Nadu,India,2020,763511243233,23:17:32
96,8CDA4CDA3,Rachel Gonzalez,17-07-2005,4638195548,RachelGonzalez@gmail.com,30390914610158,12/27,41/34- Bali,726565,Katni,Meghalaya,India,2012,932320907789,03:41:36
97,1EEA0EEA5,Dean Bennett,15-08-1976,5241773747,DeanBennett@hotmail.com,30293965646222,07/31,H.No. 395 Devi,968576,Farrukhabad,Manipur,India,2013,934950506097,02:07:08
98,2ECB6ECB9,Steven Harding,20-06-1990,7508616405,StevenHarding@gmail.com,581908198038,03/32,H.No. 11 Bhat Street,234528,Begusarai,Haryana,India,2013,394630887138,09:13:29
99,9EFC8EFC9,Tammy Casey,15-07-1985,1267649380,TammyCasey@hotmail.com,3527920469779653,05/31,H.No. 488- Garde Ganj,234568,Mathura,West Bengal,India,2018,244655314437,10:22:16
100,4BDE7BDE8,Keith Shannon,27-06-1991,3673485619,KeithShannon@yahoo.com,30121844066306,02/25,65- Suri Marg,355654,Thane,Himachal Pradesh,India,2018,910298325622,13:30:52
